"x","y","forest","agri","water","built","other","grass"
288273.411807,2723866.126422,0.988638446032619,0,0,0,0,0.0113615539673813
288773.411807,2723866.126422,0.994127362818866,0,0,0,0,0.00587263718113415
289273.411807,2723866.126422,0.938749312305153,0.0128369704749679,0,0,0,0.048413717219879
289773.411807,2723866.126422,0.8587135788895,0.0047645226314825,0,0,0,0.136521898479018
290273.411807,2723866.126422,0.901266287392182,0.0370710222059093,0,0,0,0.0616626904019086
290773.411807,2723866.126422,0.96809095910508,0.0100861910874748,0,0,0,0.0218228498074454
291273.411807,2723866.126422,0.983690672530695,0.00238226131574125,0,0,0,0.0139270661535642
291773.411807,2723866.126422,0.968985134887135,0.00807487612405946,0,0,0,0.0229399889888053
292273.411807,2723866.126422,0.981478085457546,0.00421786172748946,0,0,0.000183385292499542,0.0141206675224647
292773.411807,2723866.126422,0.98204141469672,0,0,0,0,0.0179585853032802
293273.411807,2723866.126422,0.98348320792806,0.00605615709304459,0,0,0,0.0104606349788952
293773.411807,2723866.126422,0.908490739042729,0.0421786172748946,0.00183385292499542,0.00110031175499725,0.0157711351549606,0.0306253438474234
294273.411807,2723866.126422,0.926149899212021,0.0126443100604728,0.000183250870441635,0.000183250870441635,0.00109950522264981,0.0597397837639729
294773.411807,2723866.126422,0.938704349421912,0.000734079647641769,0,0.00844191594788034,0.00440447788585061,0.047715177096715
295273.411807,2723866.126422,0.963689712085091,0.00586832935998533,0.000183385292499542,0.00110031175499725,0.00348432055749129,0.0256739409499358
295773.411807,2723866.126422,0.923034634414513,0.0324354040681693,0.000183250870441635,0.000733003481766538,0.00183250870441635,0.0417811984606927
296273.411807,2723866.126422,0.953202422462837,0.00275279867865663,0.00330335841438796,0.00660671682877592,0.00752431638832813,0.0266103872270141
296773.411807,2723866.126422,0.925912341830185,0.00880249403997799,0.0185219145424537,0.000550155877498625,0.0053181734824867,0.0408949202273978
297273.411807,2723866.126422,0.926333150082463,0.0274876305662452,0,0,0,0.0461792193512919
297773.411807,2723866.126422,0.948247384841255,0.00201871903101487,0,0.0012846393833731,0.000550559735731327,0.0478986970086254
298273.411807,2723866.126422,0.923344947735192,0.0106363469649734,0,0,0,0.066018705299835
298773.411807,2723866.126422,0.956019791094008,0.0304196444933113,0,0,0,0.013560564412681
299273.411807,2723866.126422,0.975591851715911,0.000917599559552211,0,0.000183519911910442,0.000734079647641769,0.0225729491649844
299773.411807,2723866.126422,0.956354300385109,0.000366770584999083,0,0.000550155877498625,0.00201723821749496,0.0407115349348982
300273.411807,2723866.126422,0.985523181235111,0.00696353307678211,0,0.000183250870441635,0.000366501740883269,0.00696353307678211
288273.411807,2723366.126422,0.975824175824176,0.00457875457875458,0,0,0,0.0195970695970696
288773.411807,2723366.126422,0.897798165137615,0.0368807339449541,0.0352293577981651,0.00036697247706422,0.00330275229357798,0.0264220183486239
289273.411807,2723366.126422,0.995046780407265,0,0,0,0,0.00495321959273528
289773.411807,2723366.126422,0.893772893772894,0.0230769230769231,0,0,0,0.0831501831501831
290273.411807,2723366.126422,0.881467889908257,0.024954128440367,0,0.00036697247706422,0.00055045871559633,0.0926605504587156
290773.411807,2723366.126422,0.986607961841864,0,0,0,0,0.0133920381581361
291273.411807,2723366.126422,0.987912087912088,0.000915750915750916,0,0,0,0.0111721611721612
291773.411807,2723366.126422,0.960733944954128,0.00752293577981651,0.00238532110091743,0.00275229357798165,0.00311926605504587,0.0234862385321101
292273.411807,2723366.126422,0.975967712346358,0.0104567969179967,0,0,0.000550357732526142,0.0130251330031187
292773.411807,2723366.126422,0.971611721611722,0.0111721611721612,0,0.000183150183150183,0.00201465201465201,0.015018315018315
293273.411807,2723366.126422,0.973577981651376,0.0115596330275229,0,0.00018348623853211,0.00238532110091743,0.0122935779816514
293773.411807,2723366.126422,0.873784626674005,0.011557512383049,0,0.000366905155017428,0.00220143093010457,0.112089524857824
294273.411807,2723366.126422,0.924908424908425,0,0,0,0,0.0750915750915751
294773.411807,2723366.126422,0.920733944954128,0.0139449541284404,0.00238532110091743,0.00495412844036697,0.00477064220183486,0.0532110091743119
295273.411807,2723366.126422,0.949367088607595,0.00990643918547056,0.00421940928270042,0.000733810310034856,0.00201797835259585,0.0337552742616034
295773.411807,2723366.126422,0.95989010989011,0.00952380952380952,0,0,0,0.0305860805860806
296273.411807,2723366.126422,0.938165137614679,0.0388990825688073,0,0,0.00036697247706422,0.0225688073394495
296773.411807,2723366.126422,0.94001100715465,0.0165107319757843,0.000366905155017428,0,0.000733810310034856,0.0423775454045129
297273.411807,2723366.126422,0.940842490842491,0.0214285714285714,0,0.000366300366300366,0.000366300366300366,0.036996336996337
297773.411807,2723366.126422,0.944587155963303,0,0,0.00036697247706422,0.00036697247706422,0.0546788990825688
298273.411807,2723366.126422,0.941111722619703,0.000550357732526142,0,0.00825536598789213,0.0135754907356448,0.0365070629242341
298773.411807,2723366.126422,0.932967032967033,0.00879120879120879,0,0,0.000732600732600733,0.0575091575091575
299273.411807,2723366.126422,0.954495412844037,0.00036697247706422,0,0,0.00036697247706422,0.0447706422018349
299773.411807,2723366.126422,0.946615299944964,0,0,0,0,0.0533847000550358
300273.411807,2723366.126422,0.963186813186813,0,0,0,0,0.0368131868131868
288273.411807,2722866.126422,0.977814448111478,0.015034836817015,0,0,0.00055005500550055,0.0066006600660066
288773.411807,2722866.126422,0.980952380952381,0.000183150183150183,0.000366300366300366,0.000183150183150183,0.0010989010989011,0.0172161172161172
289273.411807,2722866.126422,0.975457875457875,0,0,0,0,0.0245421245421245
289773.411807,2722866.126422,0.908690869086909,0.0253025302530253,0,0.000366703337000367,0.00201686835350202,0.0636230289695636
290273.411807,2722866.126422,0.963553113553114,0.00989010989010989,0,0,0,0.0265567765567766
290773.411807,2722866.126422,0.985347985347985,0,0,0,0,0.0146520146520147
291273.411807,2722866.126422,0.988632196552989,0.000916758342500917,0,0,0,0.0104510451045105
291773.411807,2722866.126422,0.995421245421245,0.0010989010989011,0,0,0,0.00347985347985348
292273.411807,2722866.126422,0.945787545787546,0.0276556776556777,0,0,0.000549450549450549,0.026007326007326
292773.411807,2722866.126422,0.948294829482948,0.0146681334800147,0,0,0.00146681334800147,0.0355702236890356
293273.411807,2722866.126422,0.957509157509158,0.00695970695970696,0.00146520146520147,0.00164835164835165,0.00531135531135531,0.0271062271062271
293773.411807,2722866.126422,0.923260073260073,0,0,0.000549450549450549,0,0.0761904761904762
294273.411807,2722866.126422,0.943711037770444,0,0,0,0,0.0562889622295563
294773.411807,2722866.126422,0.966849816849817,0,0,0,0,0.0331501831501832
295273.411807,2722866.126422,0.945054945054945,0.0161172161172161,0,0.00201465201465201,0.00457875457875458,0.0322344322344322
295773.411807,2722866.126422,0.934360102676934,0.00605060506050605,0,0,0,0.0595892922625596
296273.411807,2722866.126422,0.845970695970696,0.0318681318681319,0,0,0.000732600732600733,0.121428571428571
296773.411807,2722866.126422,0.953846153846154,0.00549450549450549,0,0,0,0.0406593406593407
297273.411807,2722866.126422,0.967180051338467,0.00366703337000367,0,0.0022002200220022,0.00128346167950128,0.0256692335900257
297773.411807,2722866.126422,0.845421245421245,0.00915750915750916,0,0.0142857142857143,0.01996336996337,0.111172161172161
298273.411807,2722866.126422,0.979487179487179,0,0,0.000183150183150183,0.000915750915750916,0.0194139194139194
298773.411807,2722866.126422,0.862852951961863,0.00751741840850752,0.000916758342500917,0.0507884121745508,0.0232856618995233,0.0546387972130546
299273.411807,2722866.126422,0.941941391941392,0.000183150183150183,0,0.000366300366300366,0.00622710622710623,0.0512820512820513
299773.411807,2722866.126422,0.986446886446886,0,0,0,0,0.0135531135531136
300273.411807,2722866.126422,0.978731206453979,0,0,0,0,0.0212687935460213
288273.411807,2722366.126422,0.953454278907825,0.00458127176104087,0,0,0.000366501740883269,0.0415979475902511
288773.411807,2722366.126422,0.993393283171224,0,0,0,0,0.00660671682877592
289273.411807,2722366.126422,0.969191270860077,0.00806895286997983,0,0.000550155877498625,0.000916926462497708,0.0212726939299468
289773.411807,2722366.126422,0.969580355506689,0.00568077698369067,0,0,0.000366501740883269,0.0243723657687374
290273.411807,2722366.126422,0.967149935768031,0.0113782345384474,0,0,0,0.0214718296935217
290773.411807,2722366.126422,0.985512561892536,0.00110031175499725,0,0,0,0.0133871263524665
291273.411807,2722366.126422,0.980025655121862,0.00787978742899029,0.000366501740883269,0,0,0.0117280557082646
291773.411807,2722366.126422,0.958157460084419,0.022389429253074,0.00165167920719398,0.000550559735731327,0.00293631859056708,0.0143145531290145
292273.411807,2722366.126422,0.975059600220062,0.00330093526499175,0,0,0,0.0216394645149459
292773.411807,2722366.126422,0.978926149899212,0.00696353307678211,0,0,0,0.0141103170240059
293273.411807,2722366.126422,0.930078913562121,0.00734079647641769,0.00110111947146265,0,0.000367039823820885,0.0611121306661773
293773.411807,2722366.126422,0.818265175132954,0.000183385292499542,0,0,0,0.181551439574546
294273.411807,2722366.126422,0.943192230163093,0.00238226131574125,0,0,0,0.0544255085211655
294773.411807,2722366.126422,0.953385942374748,0.00403743806202973,0,0,0.000550559735731327,0.0420260598274913
295273.411807,2722366.126422,0.945351182835137,0.0135705116449661,0.000550155877498625,0.000366770584999083,0.000733541169998166,0.0394278378874014
295773.411807,2722366.126422,0.891515484698552,0.0304196444933113,0,0,0,0.0780648708081363
296273.411807,2722366.126422,0.845476234171408,0.079647641769132,0,0,0,0.0748761240594605
296773.411807,2722366.126422,0.962956170915093,0.000550155877498625,0,0,0,0.0364936732074088
297273.411807,2722366.126422,0.986989188198644,0.000916254352208173,0,0,0,0.0120945574491479
297773.411807,2722366.126422,0.987153606166269,0,0,0,0,0.012846393833731
298273.411807,2722366.126422,0.919127086007702,0.00715202640748212,0.00256739409499358,0.000550155877498625,0.00385109114249037,0.0667522464698331
298773.411807,2722366.126422,0.979659153380979,0,0,0.000733003481766538,0.000366501740883269,0.0192413413963716
299273.411807,2722366.126422,0.864929344833914,0.00568911726922371,0.00458799779776106,0.0334006239677005,0.0139475133051936,0.0774454028262066
299773.411807,2722366.126422,0.945717953420136,0,0,0,0,0.0542820465798643
300273.411807,2722366.126422,0.920652373098772,0.000549752611324904,0,0.00164925783397471,0.00128275609309144,0.0758658603628367
288273.411807,2721866.126422,0.974542124542125,0,0,0,0,0.0254578754578755
288773.411807,2721866.126422,0.879266055045872,0.0425688073394495,0.00128440366972477,0.000917431192660551,0.00568807339449541,0.0702752293577982
289273.411807,2721866.126422,0.952485782425243,0.0260502660062374,0,0,0,0.0214639515685195
289773.411807,2721866.126422,0.984065934065934,0.000732600732600733,0,0.000732600732600733,0.000366300366300366,0.0141025641025641
290273.411807,2721866.126422,0.97045871559633,0.00752293577981651,0,0,0.00036697247706422,0.021651376146789
290773.411807,2721866.126422,0.990643918547056,0.00275178866263071,0,0,0,0.0066042927903137
291273.411807,2721866.126422,0.956593406593407,0.0122710622710623,0.000549450549450549,0,0.00293040293040293,0.0276556776556777
291773.411807,2721866.126422,0.901467889908257,0.00165137614678899,0,0.00018348623853211,0.00146788990825688,0.0952293577981651
292273.411807,2721866.126422,0.97578425976885,0,0,0,0,0.0242157402311502
292773.411807,2721866.126422,0.947619047619048,0.00128205128205128,0,0,0,0.0510989010989011
293273.411807,2721866.126422,0.918899082568807,0.00055045871559633,0,0,0,0.0805504587155963
293773.411807,2721866.126422,0.879288203999266,0,0,0,0,0.120711796000734
294273.411807,2721866.126422,0.95952380952381,0.0135531135531136,0,0,0.000549450549450549,0.0263736263736264
294773.411807,2721866.126422,0.917798165137615,0.0205504587155963,0,0.00055045871559633,0.00073394495412844,0.0603669724770642
295273.411807,2721866.126422,0.935057787561915,0.0330214639515685,0,0,0,0.0319207484865162
295773.411807,2721866.126422,0.819230769230769,0.00934065934065934,0,0,0,0.171428571428571
296273.411807,2721866.126422,0.963669724770642,0.0231192660550459,0,0,0,0.0132110091743119
296773.411807,2721866.126422,0.965510915428362,0.0108237020730141,0,0,0,0.0236653824986241
297273.411807,2721866.126422,0.929304029304029,0.00402930402930403,0,0.0124542124542125,0.0133699633699634,0.0408424908424908
297773.411807,2721866.126422,0.932477064220184,0.00477064220183486,0,0.00201834862385321,0.00678899082568807,0.0539449541284404
298273.411807,2721866.126422,0.918547055586131,0.0165107319757843,0.016694184553293,0.00421940928270042,0.00862227114290956,0.0354063474591818
298773.411807,2721866.126422,0.954029304029304,0.0137362637362637,0.000183150183150183,0.000549450549450549,0.000183150183150183,0.0313186813186813
299273.411807,2721866.126422,0.936330275229358,0.00458715596330275,0.00036697247706422,0,0.00110091743119266,0.0576146788990826
299773.411807,2721866.126422,0.724087323426894,0.0631076866629976,0.0427444505595304,0.0190790680609063,0.0234819299211154,0.127499541368556
300273.411807,2721866.126422,0.720879120879121,0.0324175824175824,0.0655677655677656,0.0126373626373626,0.0194139194139194,0.149084249084249
288273.411807,2721366.126422,0.939127246057939,0.00495049504950495,0.000183351668500183,0.00146681334800147,0.00238357169050238,0.0518885221855519
288773.411807,2721366.126422,0.728937728937729,0.204395604395604,0.000183150183150183,0,0.00128205128205128,0.0652014652014652
289273.411807,2721366.126422,0.806776556776557,0.123443223443223,0,0.000549450549450549,0.00402930402930403,0.0652014652014652
289773.411807,2721366.126422,0.956178951228456,0.00953428676200953,0,0,0,0.0342867620095343
290273.411807,2721366.126422,0.927106227106227,0.0364468864468864,0.0104395604395604,0.000549450549450549,0.0161172161172161,0.00934065934065934
290773.411807,2721366.126422,0.86959706959707,0.0468864468864469,0.0122710622710623,0.00787545787545788,0.0402930402930403,0.0230769230769231
291273.411807,2721366.126422,0.896039603960396,0.00513384671800513,0,0.00055005500550055,0.0022002200220022,0.0960762742940961
291773.411807,2721366.126422,0.917216117216117,0,0,0,0,0.0827838827838828
292273.411807,2721366.126422,0.903113553113553,0,0,0,0,0.0968864468864469
292773.411807,2721366.126422,0.948294829482948,0,0,0,0,0.0517051705170517
293273.411807,2721366.126422,0.823260073260073,0.00659340659340659,0,0.000915750915750916,0.000549450549450549,0.168681318681319
293773.411807,2721366.126422,0.788644688644689,0.0661172161172161,0,0,0.000366300366300366,0.144871794871795
294273.411807,2721366.126422,0.878437843784378,0.0209020902090209,0,0,0,0.100660066006601
294773.411807,2721366.126422,0.889377289377289,0.0236263736263736,0,0,0.000183150183150183,0.0868131868131868
295273.411807,2721366.126422,0.900732600732601,0.0119047619047619,0,0,0,0.0873626373626374
295773.411807,2721366.126422,0.956178951228456,0.0139347268060139,0,0,0,0.0298863219655299
296273.411807,2721366.126422,0.976556776556777,0,0,0,0,0.0234432234432234
296773.411807,2721366.126422,0.964285714285714,0.00274725274725275,0,0,0,0.032967032967033
297273.411807,2721366.126422,0.96993032636597,0.00605060506050605,0,0,0,0.024019068573524
297773.411807,2721366.126422,0.980769230769231,0.00695970695970696,0,0,0.000366300366300366,0.0119047619047619
298273.411807,2721366.126422,0.992857142857143,0.000366300366300366,0,0,0,0.00677655677655678
298773.411807,2721366.126422,0.984781811514485,0,0,0,0,0.0152181884855152
299273.411807,2721366.126422,0.957142857142857,0.0133699633699634,0,0,0,0.0294871794871795
299773.411807,2721366.126422,0.922161172161172,0.00128205128205128,0,0,0,0.0765567765567766
300273.411807,2721366.126422,0.825265859919325,0.00715071507150715,0.000183351668500183,0.000183351668500183,0,0.167216721672167
288273.411807,2720866.126422,0.976360637713029,0.00146600696353308,0,0.000183250870441635,0.000733003481766538,0.0212571009712296
288773.411807,2720866.126422,0.935400991007524,0.0240411084602679,0,0,0.000550559735731327,0.0400073407964764
289273.411807,2720866.126422,0.922611406565193,0.000733541169998166,0.00201723821749496,0.00953603520997616,0.00403447643498991,0.0610673024023473
289773.411807,2720866.126422,0.94172622319956,0.015026571376214,0.000183250870441635,0.000183250870441635,0,0.0428807036833425
290273.411807,2720866.126422,0.96696641585612,0.00697375665259681,0.00146815929528354,0.00220223894292531,0.00991007524316388,0.0124793540099101
290773.411807,2720866.126422,0.925545571245186,0.010819732257473,0.00825233816247937,0.000183385292499542,0.000366770584999083,0.0548322024573629
291273.411807,2720866.126422,0.955103536741799,0,0,0,0,0.0448964632582005
291773.411807,2720866.126422,0.926408515323913,0,0,0,0,0.0735914846760874
292273.411807,2720866.126422,0.98386209426004,0,0,0,0,0.0161379057399597
292773.411807,2720866.126422,0.940076965365585,0,0,0,0,0.0599230346344145
293273.411807,2720866.126422,0.934850431271793,0.00330335841438796,0,0,0,0.0618462103138191
293773.411807,2720866.126422,0.801577113515496,0.0300751879699248,0,0,0.000183385292499542,0.16816431322208
294273.411807,2720866.126422,0.83525746747297,0.0229063588052043,0,0.00109950522264981,0.00329851566794942,0.137438152831226
294773.411807,2720866.126422,0.902734446687466,0.00311983850247752,0,0,0,0.0941457148100569
295273.411807,2720866.126422,0.965706950302586,0,0,0,0,0.0342930496974143
295773.411807,2720866.126422,0.971412864211105,0,0,0,0,0.028587135788895
296273.411807,2720866.126422,0.96696641585612,0.000550559735731327,0,0,0,0.0324830244081483
296773.411807,2720866.126422,0.936732074087658,0.0053181734824867,0,0,0,0.0579497524298551
297273.411807,2720866.126422,0.950339014110317,0,0,0,0,0.049660985889683
297773.411807,2720866.126422,0.92512387594054,0,0,0,0,0.0748761240594605
298273.411807,2720866.126422,0.969924812030075,0,0,0,0,0.0300751879699248
298773.411807,2720866.126422,0.857797324537292,0.000916254352208173,0,0.00201575957485798,0.00164925783397471,0.137621403701668
299273.411807,2720866.126422,0.771150669847678,0,0,0,0,0.228849330152322
299773.411807,2720866.126422,0.964423253255089,0,0,0,0,0.0355767467449111
300273.411807,2720866.126422,0.942275975810885,0,0,0,0,0.0577240241891149
288273.411807,2720366.126422,0.989010989010989,0,0,0,0,0.010989010989011
288773.411807,2720366.126422,0.934128440366973,0.00770642201834862,0,0,0,0.0581651376146789
289273.411807,2720366.126422,0.876536415336636,0.00403595670519171,0.000550357732526142,0.00238488350761328,0.00366905155017428,0.112823335167859
289773.411807,2720366.126422,0.966483516483516,0.00842490842490842,0,0,0.0021978021978022,0.0228937728937729
290273.411807,2720366.126422,0.96697247706422,0.00055045871559633,0.00165137614678899,0.00073394495412844,0.00238532110091743,0.0277064220183486
290773.411807,2720366.126422,0.980920931939094,0,0,0,0,0.0190790680609063
291273.411807,2720366.126422,0.956959706959707,0,0,0,0,0.043040293040293
291773.411807,2720366.126422,0.941284403669725,0,0,0.00055045871559633,0.00073394495412844,0.0574311926605505
292273.411807,2720366.126422,0.990093560814529,0,0,0,0,0.00990643918547056
292773.411807,2720366.126422,0.990659340659341,0,0,0,0,0.00934065934065934
293273.411807,2720366.126422,0.920917431192661,0,0,0,0,0.0790825688073395
293773.411807,2720366.126422,0.92863694734911,0.00110071546505228,0,0,0,0.0702623371858375
294273.411807,2720366.126422,0.944139194139194,0,0,0,0,0.0558608058608059
294773.411807,2720366.126422,0.888623853211009,0.00055045871559633,0,0,0.00018348623853211,0.110642201834862
295273.411807,2720366.126422,0.971197945331132,0,0,0,0,0.0288020546688681
295773.411807,2720366.126422,0.967948717948718,0.0010989010989011,0,0,0,0.030952380952381
296273.411807,2720366.126422,0.920366972477064,0.0055045871559633,0,0,0,0.0741284403669725
296773.411807,2720366.126422,0.958172812328013,0,0,0,0,0.0418271876719868
297273.411807,2720366.126422,0.845604395604396,0.00164835164835165,0,0.000915750915750916,0.0010989010989011,0.150732600732601
297773.411807,2720366.126422,0.848990825688073,0,0,0,0,0.151009174311927
298273.411807,2720366.126422,0.867914144193726,0,0,0,0,0.132085855806274
298773.411807,2720366.126422,0.773260073260073,0.000732600732600733,0,0.000732600732600733,0.000915750915750916,0.224358974358974
299273.411807,2720366.126422,0.856330275229358,0,0,0,0,0.143669724770642
299773.411807,2720366.126422,0.857640799853238,0,0,0,0,0.142359200146762
300273.411807,2720366.126422,0.85970695970696,0,0,0,0,0.14029304029304
288273.411807,2719866.126422,0.973964063072974,0.00293362669600293,0,0,0,0.0231023102310231
288773.411807,2719866.126422,0.908058608058608,0.0360805860805861,0,0.000183150183150183,0,0.0556776556776557
289273.411807,2719866.126422,0.938095238095238,0,0,0,0,0.0619047619047619
289773.411807,2719866.126422,0.955995599559956,0,0,0,0,0.044004400440044
290273.411807,2719866.126422,0.973626373626374,0,0,0,0,0.0263736263736264
290773.411807,2719866.126422,0.983150183150183,0,0,0,0,0.0168498168498168
291273.411807,2719866.126422,0.926842684268427,0,0,0,0,0.0731573157315732
291773.411807,2719866.126422,0.93040293040293,0,0,0.000366300366300366,0.00128205128205128,0.0679487179487179
292273.411807,2719866.126422,0.982234432234432,0,0,0,0,0.0177655677655678
292773.411807,2719866.126422,0.979281261459479,0,0,0,0,0.0207187385405207
293273.411807,2719866.126422,0.860989010989011,0.00201465201465201,0,0.0197802197802198,0.00934065934065934,0.107875457875458
293773.411807,2719866.126422,0.93021978021978,0.000366300366300366,0,0,0,0.0694139194139194
294273.411807,2719866.126422,0.87953795379538,0,0,0,0,0.12046204620462
294773.411807,2719866.126422,0.93003663003663,0.023992673992674,0,0,0,0.045970695970696
295273.411807,2719866.126422,0.918131868131868,0.0507326007326007,0,0,0.000915750915750916,0.0302197802197802
295773.411807,2719866.126422,0.695269526952695,0.146131279794646,0,0,0,0.158599193252659
296273.411807,2719866.126422,0.883333333333333,0.0146520146520147,0,0.000183150183150183,0.00128205128205128,0.100549450549451
296773.411807,2719866.126422,0.913369963369963,0.00201465201465201,0,0.00402930402930403,0.00347985347985348,0.0771062271062271
297273.411807,2719866.126422,0.911807847451412,0.000366703337000367,0,0,0,0.0878254492115878
297773.411807,2719866.126422,0.905860805860806,0,0,0,0,0.0941391941391941
298273.411807,2719866.126422,0.933333333333333,0,0,0,0,0.0666666666666667
298773.411807,2719866.126422,0.933810047671434,0.0022002200220022,0.00165016501650165,0.00183351668500183,0.00055005500550055,0.05995599559956
299273.411807,2719866.126422,0.88003663003663,0.0032967032967033,0.000732600732600733,0.0106227106227106,0.00256410256410256,0.102747252747253
299773.411807,2719866.126422,0.914102564102564,0,0,0,0,0.0858974358974359
300273.411807,2719866.126422,0.858269160249358,0.00843417675100843,0,0.00311697836450312,0.00311697836450312,0.127062706270627
288273.411807,2719366.126422,0.986072933846436,0,0,0,0,0.0139270661535642
288773.411807,2719366.126422,0.943108827307763,0,0,0,0,0.0568911726922371
289273.411807,2719366.126422,0.977993764900055,0,0,0,0.000366770584999083,0.0216394645149459
289773.411807,2719366.126422,0.987538940809969,0,0,0,0,0.0124610591900312
290273.411807,2719366.126422,0.974674252156359,0,0,0,0,0.025325747843641
290773.411807,2719366.126422,0.974142673757565,0,0,0,0,0.0258573262424354
291273.411807,2719366.126422,0.969580355506689,0,0,0,0,0.0304196444933113
291773.411807,2719366.126422,0.914296201137824,0,0,0,0,0.0857037988621766
292273.411807,2719366.126422,0.951769668072621,0,0,0.000183385292499542,0.000183385292499542,0.0478635613423803
292773.411807,2719366.126422,0.700018325087044,0.0403151914971596,0.00824628916987356,0.00384826827927433,0.00842954004031519,0.239142385926333
293273.411807,2719366.126422,0.610937786749862,0.0609286107542668,0.0183519911910442,0.0251422279317306,0.0201871903101487,0.264452193062947
293773.411807,2719366.126422,0.832569227947919,0.00421786172748946,0,0,0.000366770584999083,0.162846139739593
294273.411807,2719366.126422,0.652922851383544,0.00787978742899029,0,0.0089792926516401,0.015026571376214,0.315191497159612
294773.411807,2719366.126422,0.896861809506331,0.000183519911910442,0,0,0,0.102954670581758
295273.411807,2719366.126422,0.321841188336695,0.0465798642948836,0.00568494406748579,0.150742710434623,0.0746378140473134,0.400513478818999
295773.411807,2719366.126422,0.902693787795492,0.00238226131574125,0,0.0439802089059923,0.00366501740883269,0.0472787245739417
296273.411807,2719366.126422,0.966415856120389,0.000367039823820885,0,0,0,0.0332171040557901
296773.411807,2719366.126422,0.889051898037777,0.0315422703099211,0,0,0.000183385292499542,0.0792224463598019
297273.411807,2719366.126422,0.869891881986439,0.00696353307678211,0,0.000366501740883269,0.000366501740883269,0.122411581455012
297773.411807,2719366.126422,0.911359882547256,0.0034868783262984,0,0,0.000917599559552211,0.084235639566893
298273.411807,2719366.126422,0.493673207408766,0.0260407115349349,0.0344764349899138,0.412983678708968,0.00128369704749679,0.0315422703099211
298773.411807,2719366.126422,0.0461792193512919,0.0518599963349826,0.0315191497159611,0.822063404801173,0.00751328568810702,0.0408649441084845
299273.411807,2719366.126422,0.108827307762892,0.05395485410167,0.0724903652046247,0.658102404110846,0.0122958340979996,0.0943292347219673
299773.411807,2719366.126422,0.475518063451311,0.0267742527049331,0.00825233816247937,0.358701632129103,0.0161379057399597,0.114615807812213
300273.411807,2719366.126422,0.242440901594283,0.0390324354040682,0.093274693054792,0.431189298149166,0.00586402785413231,0.188198643943559
288273.411807,2718866.126422,0.986080586080586,0,0,0,0.000183150183150183,0.0137362637362637
288773.411807,2718866.126422,0.972660550458716,0,0,0,0,0.0273394495412844
289273.411807,2718866.126422,0.984956888644285,0,0,0,0,0.0150431113557145
289773.411807,2718866.126422,0.989377289377289,0,0,0,0,0.0106227106227106
290273.411807,2718866.126422,0.972293577981651,0.00220183486238532,0,0,0,0.0255045871559633
290773.411807,2718866.126422,0.760594386351128,0.0346725371491469,0.0752155567785727,0.00220143093010457,0.00220143093010457,0.125114657860943
291273.411807,2718866.126422,0.875274725274725,0.0113553113553114,0.000183150183150183,0.00274725274725275,0.00256410256410256,0.107875457875458
291773.411807,2718866.126422,0.82605504587156,0.0115596330275229,0,0.0055045871559633,0.00348623853211009,0.153394495412844
292273.411807,2718866.126422,0.32526141992295,0.396257567418822,0.0517336268574573,0.0201797835259585,0.0289855072463768,0.177582095028435
292773.411807,2718866.126422,0.647252747252747,0.195238095238095,0.00128205128205128,0.00146520146520147,0.00677655677655678,0.147985347985348
293273.411807,2718866.126422,0.856697247706422,0.0370642201834862,0.0135779816513761,0.00385321100917431,0.0102752293577982,0.0785321100917431
293773.411807,2718866.126422,0.881856540084388,0.0410933773619519,0.00403595670519171,0.00220143093010457,0.00550357732526142,0.0653091175931022
294273.411807,2718866.126422,0.731318681318681,0.0401098901098901,0.0010989010989011,0.00494505494505494,0.0120879120879121,0.21043956043956
294773.411807,2718866.126422,0.805504587155963,0.00954128440366972,0,0.00018348623853211,0.00018348623853211,0.184587155963303
295273.411807,2718866.126422,0.190790680609063,0.0900752155567786,0.00678774536782242,0.261970280682444,0.0783342505962209,0.372041827187672
295773.411807,2718866.126422,0.924175824175824,0.00311355311355311,0,0.00457875457875458,0.0021978021978022,0.0659340659340659
296273.411807,2718866.126422,0.976880733944954,0,0,0,0,0.0231192660550459
296773.411807,2718866.126422,0.955054118510365,0,0,0,0,0.0449458814896349
297273.411807,2718866.126422,0.958058608058608,0,0,0,0,0.0419413919413919
297773.411807,2718866.126422,0.562935779816514,0.00788990825688073,0.0036697247706422,0.37302752293578,0.00770642201834862,0.0447706422018349
298273.411807,2718866.126422,0.50926435516419,0.0344890845716382,0.0504494588148963,0.216474041460283,0.0277013392038158,0.161621720785177
298773.411807,2718866.126422,0.457692307692308,0.0884615384615385,0.000549450549450549,0.00347985347985348,0.00567765567765568,0.444139194139194
299273.411807,2718866.126422,0.894678899082569,0.00587155963302752,0,0,0,0.0994495412844037
299773.411807,2718866.126422,0.773069161621721,0.0533847000550358,0.00733810310034856,0.0157769216657494,0.0110071546505228,0.139423958906623
300273.411807,2718866.126422,0.22967032967033,0.138644688644689,0.254761904761905,0.0853479853479854,0.0163003663003663,0.275274725274725
288273.411807,2718366.126422,0.984415108177484,0,0,0,0,0.0155848918225156
288773.411807,2718366.126422,0.979304029304029,0,0,0,0,0.0206959706959707
289273.411807,2718366.126422,0.978937728937729,0.0148351648351648,0,0,0.000549450549450549,0.00567765567765568
289773.411807,2718366.126422,0.92977631096443,0.0033003300330033,0,0,0.000183351668500183,0.0667400073340667
290273.411807,2718366.126422,0.905677655677656,0.0256410256410256,0,0.000366300366300366,0.000915750915750916,0.0673992673992674
290773.411807,2718366.126422,0.977472527472527,0.00769230769230769,0,0,0.000366300366300366,0.0144688644688645
291273.411807,2718366.126422,0.931059772643931,0.00366703337000367,0,0,0.000183351668500183,0.0650898423175651
291773.411807,2718366.126422,0.887912087912088,0.00879120879120879,0,0.000732600732600733,0.000366300366300366,0.102197802197802
292273.411807,2718366.126422,0.921794871794872,0.00732600732600733,0,0,0,0.0708791208791209
292773.411807,2718366.126422,0.876604327099377,0.0209020902090209,0.00568390172350568,0.00238357169050238,0.0055005500550055,0.0889255592225889
293273.411807,2718366.126422,0.930586080586081,0.0131868131868132,0,0,0.000549450549450549,0.0556776556776557
293773.411807,2718366.126422,0.947985347985348,0.00421245421245421,0,0,0.000366300366300366,0.0474358974358974
294273.411807,2718366.126422,0.946461312797946,0.00715071507150715,0,0.000366703337000367,0.000733406674000733,0.0452878621195453
294773.411807,2718366.126422,0.755860805860806,0.0181318681318681,0.00201465201465201,0.0188644688644689,0.010989010989011,0.194139194139194
295273.411807,2718366.126422,0.60018315018315,0.0195970695970696,0.00586080586080586,0.155128205128205,0.0245421245421245,0.194688644688645
295773.411807,2718366.126422,0.907407407407407,0,0,0,0,0.0925925925925926
296273.411807,2718366.126422,0.895421245421245,0.000183150183150183,0,0,0,0.104395604395604
296773.411807,2718366.126422,0.927106227106227,0,0,0,0,0.0728937728937729
297273.411807,2718366.126422,0.941327466079941,0,0,0,0,0.0586725339200587
297773.411807,2718366.126422,0.258058608058608,0.036996336996337,0.0243589743589744,0.539377289377289,0.0146520146520147,0.126556776556777
298273.411807,2718366.126422,0.871428571428571,0.0117216117216117,0,0,0,0.116849816849817
298773.411807,2718366.126422,0.864869820315365,0.0557389072240557,0,0,0,0.0793912724605794
299273.411807,2718366.126422,0.902380952380952,0,0,0,0,0.0976190476190476
299773.411807,2718366.126422,0.811904761904762,0,0,0,0,0.188095238095238
300273.411807,2718366.126422,0.383571690502384,0.0280528052805281,0.178401173450678,0.0938760542720939,0.0328199486615328,0.283278327832783
288273.411807,2717866.126422,0.98314091991937,0,0,0,0,0.0168590800806304
288773.411807,2717866.126422,0.925674435676271,0.0260598274912828,0.00770783630023858,0.0012846393833731,0.011194714626537,0.0280785465222977
289273.411807,2717866.126422,0.946268109297634,0.00843572345497891,0,0.000733541169998166,0.0053181734824867,0.0392444525949019
289773.411807,2717866.126422,0.889316474253253,0.0157595748579806,0,0,0,0.0949239508887667
290273.411807,2717866.126422,0.895210130299137,0.00752431638832813,0,0,0.000550559735731327,0.0967149935768031
290773.411807,2717866.126422,0.898221162662754,0.000183385292499542,0,0,0,0.101595452044746
291273.411807,2717866.126422,0.871174638079531,0,0,0,0,0.128825361920469
291773.411807,2717866.126422,0.873004220957974,0.000183519911910442,0,0,0,0.126812259130116
292273.411807,2717866.126422,0.952869979827618,0,0,0,0,0.0471300201723822
292773.411807,2717866.126422,0.981125160344512,0.000183250870441635,0,0,0,0.0186915887850467
293273.411807,2717866.126422,0.959809139291613,0.0113782345384474,0,0,0,0.0288126261699394
293773.411807,2717866.126422,0.96387309737759,0.000916926462497708,0,0,0,0.035209976159912
294273.411807,2717866.126422,0.950888766721642,0.0216236027121129,0,0,0,0.0274876305662452
294773.411807,2717866.126422,0.931363552945495,0.0218388695173426,0,0,0.000183519911910442,0.0466140576252523
295273.411807,2717866.126422,0.641665138455896,0.0165046763249587,0.0214560792224464,0.214010636346965,0.0253071703649367,0.0810562992847974
295773.411807,2717866.126422,0.551768370899762,0.00678028220634048,0.0267546270844787,0.258200476452263,0.0130108118013561,0.1434854315558
296273.411807,2717866.126422,0.851899431088273,0,0,0.0012846393833731,0.000550559735731327,0.146265369792623
296773.411807,2717866.126422,0.954153676875115,0,0,0,0,0.0458463231248854
297273.411807,2717866.126422,0.935862195345428,0,0,0.000366501740883269,0,0.0637713029136888
297773.411807,2717866.126422,0.235089007157277,0.0627638098733713,0.0389062213250138,0.535511102954671,0.0170673518076711,0.110662506881997
298273.411807,2717866.126422,0.832752613240418,0.0097194205024757,0,0,0,0.157527966257106
298773.411807,2717866.126422,0.804837822979659,0.00146600696353308,0,0,0,0.193696170056808
299273.411807,2717866.126422,0.628372178381354,0.00238575885483575,0,0,0.000550559735731327,0.368691503028079
299773.411807,2717866.126422,0.61984228864845,0,0,0,0,0.38015771135155
300273.411807,2717866.126422,0.323804288070368,0.0533260032985157,0.25783397471138,0.115264797507788,0.00842954004031519,0.241341396371633
288273.411807,2717366.126422,0.797619047619048,0.0316849816849817,0.0364468864468864,0.032967032967033,0.0778388278388278,0.0234432234432234
288773.411807,2717366.126422,0.913211009174312,0.0141284403669725,0.00110091743119266,0.0161467889908257,0.043302752293578,0.0121100917431193
289273.411807,2717366.126422,0.983305815446707,0.0100898917629793,0.000183452577508714,0,0.000366905155017428,0.00605393505778756
289773.411807,2717366.126422,0.944139194139194,0.0175824175824176,0,0.000183150183150183,0,0.0380952380952381
290273.411807,2717366.126422,0.771009174311927,0.0238532110091743,0,0,0.00036697247706422,0.204770642201835
290773.411807,2717366.126422,0.802054668868098,0.0066042927903137,0,0,0.000733810310034856,0.190607228031554
291273.411807,2717366.126422,0.906227106227106,0,0,0,0,0.0937728937728938
291773.411807,2717366.126422,0.899082568807339,0.00036697247706422,0,0.000917431192660551,0.00256880733944954,0.0970642201834862
292273.411807,2717366.126422,0.942212438084755,0.000550357732526142,0,0.000183452577508714,0,0.0570537516052101
292773.411807,2717366.126422,0.940842490842491,0,0,0,0,0.0591575091575092
293273.411807,2717366.126422,0.984220183486239,0.00055045871559633,0,0,0,0.0152293577981651
293773.411807,2717366.126422,0.844248761695102,0.001284168042561,0,0,0,0.154467070262337
294273.411807,2717366.126422,0.965934065934066,0.000183150183150183,0,0,0,0.0338827838827839
294773.411807,2717366.126422,0.973761467889908,0.00917431192660551,0,0,0,0.0170642201834862
295273.411807,2717366.126422,0.950834709227665,0.0091726288754357,0,0,0,0.0399926618968997
295773.411807,2717366.126422,0.962454212454212,0.0115384615384615,0,0,0,0.026007326007326
296273.411807,2717366.126422,0.807889908256881,0.00513761467889908,0.0297247706422018,0.118899082568807,0.00972477064220183,0.0286238532110092
296773.411807,2717366.126422,0.645753072830673,0.0357732526141992,0.0254999082737112,0.217391304347826,0.0126582278481013,0.0629242340854889
297273.411807,2717366.126422,0.919047619047619,0.000366300366300366,0,0.00201465201465201,0.0021978021978022,0.0763736263736264
297773.411807,2717366.126422,0.322385321100917,0.0240366972477064,0.078348623853211,0.483853211009174,0.0073394495412844,0.0840366972477064
298273.411807,2717366.126422,0.623738763529628,0.00862227114290956,0.0126582278481013,0.0818198495688864,0.00330214639515685,0.269858741515318
298773.411807,2717366.126422,0.694139194139194,0.00750915750915751,0,0,0,0.298351648351648
299273.411807,2717366.126422,0.579082568807339,0,0,0,0,0.420917431192661
299773.411807,2717366.126422,0.736929003852504,0.00146762062006971,0,0,0,0.261603375527426
300273.411807,2717366.126422,0.282234432234432,0.0476190476190476,0.291025641025641,0.207509157509158,0.0117216117216117,0.15989010989011
288273.411807,2716866.126422,0.963879721305464,0.0122845617895123,0,0.000366703337000367,0.0022002200220022,0.0212687935460213
288773.411807,2716866.126422,0.979304029304029,0.0021978021978022,0,0,0,0.0184981684981685
289273.411807,2716866.126422,0.988461538461539,0,0,0,0,0.0115384615384615
289773.411807,2716866.126422,0.86982031536487,0.00165016501650165,0,0,0,0.128529519618629
290273.411807,2716866.126422,0.89981684981685,0.000183150183150183,0,0,0,0.1
290773.411807,2716866.126422,0.936630036630037,0.00714285714285714,0.000183150183150183,0.000183150183150183,0.000915750915750916,0.0549450549450549
291273.411807,2716866.126422,0.951778511184452,0,0,0,0,0.0482214888155482
291773.411807,2716866.126422,0.956959706959707,0.00274725274725275,0,0.000549450549450549,0.00238095238095238,0.0373626373626374
292273.411807,2716866.126422,0.867032967032967,0.000915750915750916,0,0.00238095238095238,0.00128205128205128,0.128388278388278
292773.411807,2716866.126422,0.968280161349468,0,0,0,0,0.0317198386505317
293273.411807,2716866.126422,0.953296703296703,0,0,0,0,0.0467032967032967
293773.411807,2716866.126422,0.952564102564103,0,0,0,0,0.0474358974358974
294273.411807,2716866.126422,0.90960762742941,0,0,0,0,0.0903923725705904
294773.411807,2716866.126422,0.945421245421245,0,0,0,0,0.0545787545787546
295273.411807,2716866.126422,0.920695970695971,0.00421245421245421,0,0.00695970695970696,0.00512820512820513,0.063003663003663
295773.411807,2716866.126422,0.953061972863953,0,0,0,0,0.0469380271360469
296273.411807,2716866.126422,0.764835164835165,0.00347985347985348,0,0.00714285714285714,0.00457875457875458,0.21996336996337
296773.411807,2716866.126422,0.523443223443223,0.0382783882783883,0.0316849816849817,0.298534798534799,0.0327838827838828,0.0752747252747253
297273.411807,2716866.126422,0.196736340300697,0.0438210487715438,0.126145947928126,0.537587092042538,0.00733406674000733,0.0883755042170884
297773.411807,2716866.126422,0.00146520146520147,0.213736263736264,0.0738095238095238,0.66978021978022,0.00805860805860806,0.0331501831501832
298273.411807,2716866.126422,0.243589743589744,0.365934065934066,0.0183150183150183,0.0287545787545788,0.0142857142857143,0.329120879120879
298773.411807,2716866.126422,0.74019068573524,0.0817748441510818,0,0,0,0.178034470113678
299273.411807,2716866.126422,0.726739926739927,0.0113553113553114,0,0,0,0.261904761904762
299773.411807,2716866.126422,0.784432234432234,0.000183150183150183,0,0,0,0.215384615384615
300273.411807,2716866.126422,0.474147414741474,0.0361202786945361,0.170700403373671,0.0696736340300697,0.0229189585625229,0.226439310597726
288273.411807,2716366.126422,0.964449331134323,0.00824628916987356,0.000366501740883269,0.000183250870441635,0.00384826827927433,0.0229063588052043
288773.411807,2716366.126422,0.961644338410718,0.0172508717195816,0.000550559735731327,0.000183519911910442,0.00403743806202973,0.0163332721600294
289273.411807,2716366.126422,0.946818265175133,0.0144874381074638,0,0,0.00128369704749679,0.0374105996699065
289773.411807,2716366.126422,0.844786512735936,0.00146600696353308,0,0,0,0.153747480300531
290273.411807,2716366.126422,0.902917966599376,0,0,0,0,0.097082033400624
290773.411807,2716366.126422,0.949569044562626,0.000366770584999083,0,0,0,0.0500641848523748
291273.411807,2716366.126422,0.807036833424959,0.0771486164559282,0.0119113065787062,0.0042147700201576,0.0148433205057724,0.0848451530144768
291773.411807,2716366.126422,0.965131216737016,0.0122958340979996,0,0,0.000734079647641769,0.0218388695173426
292273.411807,2716366.126422,0.873464148175316,0.0451127819548872,0.00201723821749496,0,0.00256739409499358,0.0768384375573079
292773.411807,2716366.126422,0.85761407366685,0.0188748396554884,0,0.000183250870441635,0.000733003481766538,0.122594832325454
293273.411807,2716366.126422,0.900715727656451,0.00146815929528354,0,0.000550559735731327,0.00146815929528354,0.0957973940172509
293773.411807,2716366.126422,0.934348065285164,0.000183385292499542,0,0,0,0.0654685494223363
294273.411807,2716366.126422,0.876305662451897,0.00384826827927433,0,0,0,0.119846069268829
294773.411807,2716366.126422,0.892457331620481,0.00991007524316388,0,0,0,0.0976325931363553
295273.411807,2716366.126422,0.908857509627728,0.000366770584999083,0,0,0,0.0907757197872731
295773.411807,2716366.126422,0.89243173905076,0,0,0,0,0.10756826094924
296273.411807,2716366.126422,0.157093044595339,0.118186823270325,0.00330335841438796,0.267939071389246,0.0420260598274913,0.411451642503212
296773.411807,2716366.126422,0.340363102879149,0.0893086374472767,0.0177883733724555,0.473317439941317,0.0097194205024757,0.0695030258573262
297273.411807,2716366.126422,0.46857247571926,0.280007330034818,0.0223566061938794,0.0106285504856148,0.013560564412681,0.204874473153747
297773.411807,2716366.126422,0.0359699027344467,0.422095797394017,0.0545054138374014,0.0917599559552211,0.0991007524316388,0.296568177647275
298273.411807,2716366.126422,0.542637080506143,0.130937098844673,0.0586832935998533,0.0282413350449294,0.0179717586649551,0.221529433339446
298773.411807,2716366.126422,0.868609125893348,0.0333516584203775,0,0,0,0.0980392156862745
299273.411807,2716366.126422,0.719581574600844,0.00550559735731327,0,0,0,0.274912828041843
299773.411807,2716366.126422,0.777553640198056,0.00128369704749679,0,0,0,0.221162662754447
300273.411807,2716366.126422,0.828843687007513,0.0410481949789262,0,0,0,0.130108118013561
288273.411807,2715866.126422,0.948717948717949,0.00201465201465201,0,0,0,0.0492673992673993
288773.411807,2715866.126422,0.984587155963303,0.00256880733944954,0,0.00238532110091743,0.0036697247706422,0.00678899082568807
289273.411807,2715866.126422,0.982755457714181,0.001284168042561,0,0,0,0.0159603742432581
289773.411807,2715866.126422,0.88003663003663,0.0635531135531135,0.000366300366300366,0.000915750915750916,0.00457875457875458,0.0505494505494506
290273.411807,2715866.126422,0.682201834862385,0.0284403669724771,0,0.00018348623853211,0.00146788990825688,0.287706422018349
290773.411807,2715866.126422,0.935975050449459,0.0168776371308017,0,0,0,0.0471473124197395
291273.411807,2715866.126422,0.844871794871795,0.0613553113553114,0.00677655677655678,0.0010989010989011,0.0043956043956044,0.0815018315018315
291773.411807,2715866.126422,0.730275229357798,0.194862385321101,0.00073394495412844,0.00165137614678899,0.00440366972477064,0.0680733944954128
292273.411807,2715866.126422,0.907906806090626,0.0497156485048615,0.000733810310034856,0.000366905155017428,0.00220143093010457,0.0390753990093561
292773.411807,2715866.126422,0.571611721611722,0.0336996336996337,0.000183150183150183,0.00128205128205128,0.00586080586080586,0.387362637362637
293273.411807,2715866.126422,0.889724770642202,0.053394495412844,0.00348623853211009,0.00110091743119266,0.00293577981651376,0.0493577981651376
293773.411807,2715866.126422,0.842781141075032,0.0177949000183453,0.00091726288754357,0.00623738763529628,0.00990643918547056,0.122362869198312
294273.411807,2715866.126422,0.806593406593407,0.0254578754578755,0.000915750915750916,0.00164835164835165,0.00494505494505494,0.16043956043956
294773.411807,2715866.126422,0.825321100917431,0.0163302752293578,0.00055045871559633,0.00348623853211009,0.0108256880733945,0.14348623853211
295273.411807,2715866.126422,0.860942946248395,0.0220143093010457,0.00165107319757843,0.00770500825536599,0.00532012474775271,0.102366538249862
295773.411807,2715866.126422,0.44047619047619,0.0346153846153846,0.126739926739927,0.13992673992674,0.00750915750915751,0.250732600732601
296273.411807,2715866.126422,0.112844036697248,0.180366972477064,0.0772477064220184,0.501834862385321,0.0102752293577982,0.11743119266055
296773.411807,2715866.126422,0.719867914144194,0.0221977618785544,0,0,0,0.257934323977252
297273.411807,2715866.126422,0.763736263736264,0,0,0,0.000183150183150183,0.236080586080586
297773.411807,2715866.126422,0.487706422018349,0.035045871559633,0.0326605504587156,0.0242201834862385,0.0236697247706422,0.396697247706422
298273.411807,2715866.126422,0.851036507062924,0.0137589433131535,0,0,0,0.135204549623922
298773.411807,2715866.126422,0.865201465201465,0.0234432234432234,0,0,0,0.111355311355311
299273.411807,2715866.126422,0.766788990825688,0.0018348623853211,0,0,0,0.231376146788991
299773.411807,2715866.126422,0.917446340121079,0.00091726288754357,0,0,0,0.0816363969913777
300273.411807,2715866.126422,0.929304029304029,0.00842490842490842,0,0,0,0.0622710622710623
288273.411807,2715366.126422,0.96993032636597,0,0,0,0,0.0300696736340301
288773.411807,2715366.126422,0.977289377289377,0.00347985347985348,0,0.000366300366300366,0.000366300366300366,0.0184981684981685
289273.411807,2715366.126422,0.97967032967033,0.00457875457875458,0,0,0.000183150183150183,0.0155677655677656
289773.411807,2715366.126422,0.974880821415475,0.0100843417675101,0,0,0.000183351668500183,0.0148514851485149
290273.411807,2715366.126422,0.716117216117216,0.0316849816849817,0,0.000183150183150183,0,0.252014652014652
290773.411807,2715366.126422,0.890842490842491,0.00732600732600733,0,0,0.000366300366300366,0.101465201465201
291273.411807,2715366.126422,0.806563989732307,0.0663733039970664,0.0251191785845251,0.00183351668500183,0.015034836817015,0.0850751741840851
291773.411807,2715366.126422,0.767032967032967,0.102014652014652,0.00164835164835165,0,0.000915750915750916,0.128388278388278
292273.411807,2715366.126422,0.922893772893773,0.0188644688644689,0.000732600732600733,0.000183150183150183,0.0021978021978022,0.0551282051282051
292773.411807,2715366.126422,0.945911257792446,0.0128346167950128,0,0,0.000366703337000367,0.0408874220755409
293273.411807,2715366.126422,0.938827838827839,0.00860805860805861,0,0,0,0.0525641025641026
293773.411807,2715366.126422,0.898168498168498,0.0186813186813187,0,0,0,0.0831501831501831
294273.411807,2715366.126422,0.805647231389806,0.116061606160616,0,0.000183351668500183,0.00128346167950128,0.0768243491015768
294773.411807,2715366.126422,0.795421245421245,0.0593406593406593,0,0,0.000366300366300366,0.144871794871795
295273.411807,2715366.126422,0.941208791208791,0.0177655677655678,0,0,0,0.041025641025641
295773.411807,2715366.126422,0.168316831683168,0.155848918225156,0.0876420975430876,0.4998166483315,0.0229189585625229,0.0654565456545655
296273.411807,2715366.126422,0.32014652014652,0.407142857142857,0.000549450549450549,0.0758241758241758,0.0153846153846154,0.180952380952381
296773.411807,2715366.126422,0.634981684981685,0.0120879120879121,0,0,0,0.352930402930403
297273.411807,2715366.126422,0.788045471213788,0.0264026402640264,0,0,0,0.185551888522186
297773.411807,2715366.126422,0.703479853479854,0.00476190476190476,0,0.00128205128205128,0.0010989010989011,0.289377289377289
298273.411807,2715366.126422,0.876556776556777,0.00164835164835165,0,0,0,0.121794871794872
298773.411807,2715366.126422,0.957829116244958,0.00385038503850385,0,0,0,0.0383204987165383
299273.411807,2715366.126422,0.765018315018315,0.00347985347985348,0.00970695970695971,0.0886446886446886,0.0186813186813187,0.114468864468864
299773.411807,2715366.126422,0.662087912087912,0.00531135531135531,0,0.093956043956044,0.010989010989011,0.227655677655678
300273.411807,2715366.126422,0.708654198753209,0.00275027502750275,0.133846718005134,0.0553722038870554,0.0104510451045105,0.0889255592225889
288273.411807,2714866.126422,0.953820780648708,0.00164925783397471,0,0,0,0.0445299615173172
288773.411807,2714866.126422,0.955037621581942,0.000550559735731327,0,0,0,0.044411818682327
289273.411807,2714866.126422,0.966073720887585,0,0,0.000183385292499542,0,0.0337428938199156
289773.411807,2714866.126422,0.938977460142936,0.00128275609309144,0,0.000183250870441635,0.000366501740883269,0.059190031152648
290273.411807,2714866.126422,0.839970636814094,0,0,0,0,0.160029363185906
290773.411807,2714866.126422,0.93618191821016,0.000366770584999083,0,0,0,0.0634513112048414
291273.411807,2714866.126422,0.745281290086128,0,0,0,0,0.254718709913872
291773.411807,2714866.126422,0.853367590383557,0.00568911726922371,0,0.00311983850247752,0.00623967700495504,0.131583776839787
292273.411807,2714866.126422,0.934714835870163,0.00110031175499725,0,0,0.000550155877498625,0.0636346964973409
292773.411807,2714866.126422,0.959318306761957,0,0,0,0,0.0406816932380429
293273.411807,2714866.126422,0.933382271976509,0.00972655533125344,0,0.000367039823820885,0.000734079647641769,0.0557900532207745
293773.411807,2714866.126422,0.959105079772602,0.00953603520997616,0,0,0.00146708233999633,0.0298918026774253
294273.411807,2714866.126422,0.966098588968298,0,0,0,0,0.0339014110317024
294773.411807,2714866.126422,0.918517159111764,0,0,0,0,0.0814828408882364
295273.411807,2714866.126422,0.781037960755547,0.0137538969374656,0.0229231615624427,0.0566660553823583,0.0022006235099945,0.123418301852191
295773.411807,2714866.126422,0.0208905992303463,0.444566611691406,0.10756826094924,0.381894814000367,0.0157595748579806,0.0293201392706615
296273.411807,2714866.126422,0.665810240411085,0.0673518076711323,0.000183519911910442,0.0100935951550743,0.0117452743622683,0.24481556248853
296773.411807,2714866.126422,0.707683843755731,0.00898587933247754,0,0.000366770584999083,0,0.282963506326793
297273.411807,2714866.126422,0.778632948506505,0.00696353307678211,0,0,0,0.214403518416712
297773.411807,2714866.126422,0.580657001284639,0.0196366305744173,0.000183519911910442,0.0130299137456414,0.00679023674068636,0.379702697742705
298273.411807,2714866.126422,0.784705666605538,0.125068769484687,0,0.000183385292499542,0.000733541169998166,0.0893086374472767
298773.411807,2714866.126422,0.944291735385743,0.00916254352208173,0,0,0,0.0465457210921752
299273.411807,2714866.126422,0.73426316755368,0.00605615709304459,0,0.0117452743622683,0.0148651128647458,0.233070288126262
299773.411807,2714866.126422,0.563359618558592,0.0311754997249221,0.0916926462497708,0.134604804694663,0.0469466348798826,0.132220795892169
300273.411807,2714866.126422,0.653289353124427,0.0370166758292102,0.0800806303829943,0.161810518599963,0.0047645226314825,0.0630382994319223
288273.411807,2714366.126422,0.927106227106227,0.000366300366300366,0,0,0,0.0725274725274725
288773.411807,2714366.126422,0.952660550458716,0,0,0,0,0.0473394495412844
289273.411807,2714366.126422,0.954687213355348,0.0130251330031187,0,0.001284168042561,0.00385250412768299,0.0271509814712897
289773.411807,2714366.126422,0.924358974358974,0,0,0.00347985347985348,0.00384615384615385,0.0683150183150183
290273.411807,2714366.126422,0.907889908256881,0,0,0,0,0.0921100917431193
290773.411807,2714366.126422,0.880755824619336,0.000550357732526142,0,0,0,0.118693817648138
291273.411807,2714366.126422,0.843772893772894,0.000183150183150183,0,0.00238095238095238,0.000366300366300366,0.153296703296703
291773.411807,2714366.126422,0.934678899082569,0.00110091743119266,0,0,0,0.0642201834862385
292273.411807,2714366.126422,0.918180150431114,0.000733810310034856,0,0,0.00091726288754357,0.080168776371308
292773.411807,2714366.126422,0.9003663003663,0,0,0,0,0.0996336996336996
293273.411807,2714366.126422,0.942935779816514,0.00018348623853211,0,0,0,0.0568807339449541
293773.411807,2714366.126422,0.950467804072647,0,0,0,0,0.0495321959273528
294273.411807,2714366.126422,0.946520146520146,0,0,0,0,0.0534798534798535
294773.411807,2714366.126422,0.95045871559633,0,0,0,0,0.0495412844036697
295273.411807,2714366.126422,0.344890845716382,0.113006787745368,0.0748486516235553,0.327646303430563,0.0396257567418822,0.0999816547422491
295773.411807,2714366.126422,0.28992673992674,0.321611721611722,0,0.0360805860805861,0.0802197802197802,0.272161172161172
296273.411807,2714366.126422,0.803119266055046,0.0337614678899083,0,0,0,0.163119266055046
296773.411807,2714366.126422,0.845716382315172,0.0423775454045129,0,0,0.000366905155017428,0.111539167125298
297273.411807,2714366.126422,0.754761904761905,0.093956043956044,0.000183150183150183,0,0.000183150183150183,0.150915750915751
297773.411807,2714366.126422,0.839082568807339,0.00862385321100917,0.00403669724770642,0.00275229357798165,0.00146788990825688,0.144036697247706
298273.411807,2714366.126422,0.638231517152816,0.0858558062740782,0.000183452577508714,0.00183452577508714,0.00678774536782242,0.267106952852688
298773.411807,2714366.126422,0.923992673992674,0.0115384615384615,0,0,0,0.0644688644688645
299273.411807,2714366.126422,0.664036697247706,0.00477064220183486,0.0310091743119266,0.0814678899082569,0.0570642201834862,0.161651376146789
299773.411807,2714366.126422,0.439735828288387,0.0405430196294258,0.00568702990277013,0.0988809392771968,0.0643918547055586,0.350761328196661
300273.411807,2714366.126422,0.644139194139194,0.0646520146520147,0.0443223443223443,0.0663003663003663,0.0421245421245421,0.138461538461538
288273.411807,2713866.126422,0.925375870920425,0.00623395672900623,0,0.000183351668500183,0.0011001100110011,0.0671067106710671
288773.411807,2713866.126422,0.933516483516484,0.0010989010989011,0,0,0,0.0653846153846154
289273.411807,2713866.126422,0.921245421245421,0.0010989010989011,0,0,0.000183150183150183,0.0774725274725275
289773.411807,2713866.126422,0.910891089108911,0,0,0,0,0.0891089108910891
290273.411807,2713866.126422,0.90018315018315,0.000183150183150183,0,0,0,0.0996336996336996
290773.411807,2713866.126422,0.869413919413919,0.00879120879120879,0,0.000183150183150183,0.000549450549450549,0.121062271062271
291273.411807,2713866.126422,0.888522185551889,0.0146681334800147,0,0,0,0.0968096809680968
291773.411807,2713866.126422,0.873809523809524,0.0181318681318681,0,0.000366300366300366,0.000366300366300366,0.107326007326007
292273.411807,2713866.126422,0.788461538461538,0.00714285714285714,0,0.000549450549450549,0.00183150183150183,0.202014652014652
292773.411807,2713866.126422,0.763292995966263,0.0122845617895123,0.000366703337000367,0.00128346167950128,0.00623395672900623,0.216538320498717
293273.411807,2713866.126422,0.877472527472527,0.0100732600732601,0,0.0021978021978022,0.00274725274725275,0.107509157509158
293773.411807,2713866.126422,0.916300366300366,0.00970695970695971,0.000732600732600733,0.000732600732600733,0.00183150183150183,0.0706959706959707
294273.411807,2713866.126422,0.843601026769344,0.0106343967730106,0,0.00146681334800147,0.00165016501650165,0.142647598093143
294773.411807,2713866.126422,0.874542124542125,0.000732600732600733,0,0.0221611721611722,0.00402930402930403,0.0985347985347985
295273.411807,2713866.126422,0.00879120879120879,0.376190476190476,0.0617216117216117,0.417765567765568,0.0456043956043956,0.0899267399267399
295773.411807,2713866.126422,0.576274294096076,0.0588558855885589,0.00513384671800513,0.13036303630363,0.0522552255225523,0.177117711771177
296273.411807,2713866.126422,0.83992673992674,0.0241758241758242,0.0010989010989011,0.0010989010989011,0.00347985347985348,0.13021978021978
296773.411807,2713866.126422,0.844871794871795,0.0551282051282051,0,0,0,0.1
297273.411807,2713866.126422,0.924275760909424,0.0207187385405207,0,0,0,0.055005500550055
297773.411807,2713866.126422,0.779487179487179,0.0124542124542125,0,0,0,0.208058608058608
298273.411807,2713866.126422,0.657326007326007,0.0432234432234432,0,0.00274725274725275,0.00384615384615385,0.292857142857143
298773.411807,2713866.126422,0.84965163182985,0.0760909424275761,0,0.00055005500550055,0.000183351668500183,0.0735240190685735
299273.411807,2713866.126422,0.920879120879121,0.000549450549450549,0,0.00183150183150183,0.0021978021978022,0.0745421245421245
299773.411807,2713866.126422,0.283882783882784,0.0379120879120879,0.0126373626373626,0.0835164835164835,0.0543956043956044,0.527655677655678
300273.411807,2713866.126422,0.402456912357902,0.197103043637697,0.115878254492116,0.0115511551155116,0.0229189585625229,0.25009167583425
288273.411807,2713366.126422,0.910207073483599,0.021073850100788,0,0.000366501740883269,0.000733003481766538,0.0676195711929632
288773.411807,2713366.126422,0.959258579555882,0.0148651128647458,0,0,0.000183519911910442,0.0256927876674619
289273.411807,2713366.126422,0.902255639097744,0.0221896203924445,0,0,0.000183385292499542,0.0753713552173116
289773.411807,2713366.126422,0.843687007513286,0.026571376214037,0,0.000183250870441635,0.000549752611324904,0.129008612790911
290273.411807,2713366.126422,0.915764360433107,0.00146815929528354,0,0,0,0.0827674802716095
290773.411807,2713366.126422,0.837520630845406,0,0,0,0,0.162479369154594
291273.411807,2713366.126422,0.903060289536375,0,0,0,0,0.0969397104636247
291773.411807,2713366.126422,0.933932831712241,0,0,0,0,0.0660671682877592
292273.411807,2713366.126422,0.739226114065652,0.0462130937098845,0.0196222262974509,0.0119200440124702,0.0144874381074638,0.168531083807079
292773.411807,2713366.126422,0.830492944841488,0.0322521531977277,0.000916254352208173,0.00329851566794942,0.00696353307678211,0.126076598863845
293273.411807,2713366.126422,0.747476601211231,0.0906588364837585,0.00440447788585061,0.00220223894292531,0.00623967700495504,0.149018168471279
293773.411807,2713366.126422,0.831468916192921,0.0403447643498991,0.000733541169998166,0.000183385292499542,0.000916926462497708,0.126352466532184
294273.411807,2713366.126422,0.657504123144585,0.0124610591900312,0,0.0263881253435954,0.0221733553234378,0.281473336998351
294773.411807,2713366.126422,0.391264452193063,0.034868783262984,0.04147550009176,0.124793540099101,0.009543035419343,0.398054688933749
295273.411807,2713366.126422,0.0247570144874381,0.384375573079039,0.050797726022373,0.34403080872914,0.0570328259673574,0.139006051714652
295773.411807,2713366.126422,0.851566794942276,0.0214403518416712,0.000366501740883269,0.00971229613340663,0.00971229613340663,0.107201759208356
296273.411807,2713366.126422,0.822719765094513,0.0838685997430721,0,0,0,0.0934116351624151
296773.411807,2713366.126422,0.532917660003668,0.149092242802127,0.113148725472217,0.0328259673574179,0.0326425820649184,0.139372822299652
297273.411807,2713366.126422,0.67381345061389,0.0927249404434671,0.0419644493311343,0.0353674179952355,0.0223566061938794,0.133773135422393
297773.411807,2713366.126422,0.874105340429437,0.00770783630023858,0,0,0,0.118186823270325
298273.411807,2713366.126422,0.904639647900238,0.0315422703099211,0,0,0,0.0638180817898405
298773.411807,2713366.126422,0.924134139637163,0.0131940626717977,0,0.000366501740883269,0.00146600696353308,0.0608392889866227
299273.411807,2713366.126422,0.932464672416957,0.00201871903101487,0,0.000734079647641769,0.00238575885483575,0.0623967700495504
299773.411807,2713366.126422,0.823766733907941,0.0306253438474234,0.000366770584999083,0.00110031175499725,0.00256739409499358,0.141573445809646
300273.411807,2713366.126422,0.904343045629467,0.0359171706065604,0.000366501740883269,0.000733003481766538,0.00256551218618288,0.0560747663551402
288273.411807,2712866.126422,0.915567765567766,0.0194139194139194,0,0,0.000366300366300366,0.0646520146520147
288773.411807,2712866.126422,0.965504587155963,0.00972477064220183,0.00036697247706422,0.00036697247706422,0.00201834862385321,0.0220183486238532
289273.411807,2712866.126422,0.972298660796184,0.00165107319757843,0,0,0.000366905155017428,0.02568336085122
289773.411807,2712866.126422,0.909340659340659,0.000183150183150183,0,0,0,0.0904761904761905
290273.411807,2712866.126422,0.944770642201835,0,0,0,0,0.0552293577981651
290773.411807,2712866.126422,0.925701706108971,0.00311869381764814,0,0.00880572372041827,0.00513667217024399,0.0572372041827188
291273.411807,2712866.126422,0.894688644688645,0.000732600732600733,0,0,0.00128205128205128,0.103296703296703
291773.411807,2712866.126422,0.775045871559633,0.031743119266055,0.00752293577981651,0.0055045871559633,0.0155963302752294,0.164587155963303
292273.411807,2712866.126422,0.801504311135571,0.0177949000183453,0.000550357732526142,0.000183452577508714,0.000366905155017428,0.179600073381031
292773.411807,2712866.126422,0.951098901098901,0.00164835164835165,0,0.00402930402930403,0.00311355311355311,0.0401098901098901
293273.411807,2712866.126422,0.92256880733945,0.00018348623853211,0,0,0,0.0772477064220184
293773.411807,2712866.126422,0.349660612731609,0.0326545587965511,0.0266006237387635,0.0530177949000183,0.0310034855989727,0.507062924234085
294273.411807,2712866.126422,0.207509157509158,0.291575091575092,0,0.0948717948717949,0.0437728937728938,0.362271062271062
294773.411807,2712866.126422,0,0.143669724770642,0.215229357798165,0.583853211009174,0.00715596330275229,0.0500917431192661
295273.411807,2712866.126422,0.372041827187672,0.288020546688681,0.00440286186020914,0.0258668134287287,0.0565033938726839,0.253164556962025
295773.411807,2712866.126422,0.806593406593407,0.08003663003663,0,0,0,0.113369963369963
296273.411807,2712866.126422,0.812110091743119,0.0695412844036697,0,0,0,0.118348623853211
296773.411807,2712866.126422,0.841313520454962,0.0521005320124748,0.00275178866263071,0.0104567969179967,0.0100898917629793,0.0832874701889562
297273.411807,2712866.126422,0.893040293040293,0.0276556776556777,0,0,0.00293040293040293,0.0763736263736264
297773.411807,2712866.126422,0.90954128440367,0.00220183486238532,0,0,0,0.088256880733945
298273.411807,2712866.126422,0.967528893780958,0.00385250412768299,0,0,0.000183452577508714,0.0284351495138507
298773.411807,2712866.126422,0.946886446886447,0.00164835164835165,0,0,0,0.0514652014652015
299273.411807,2712866.126422,0.763302752293578,0.0695412844036697,0.00385321100917431,0.00293577981651376,0.00605504587155963,0.154311926605505
299773.411807,2712866.126422,0.936892313337002,0.0163272793982755,0,0,0.000183452577508714,0.0465969546872134
300273.411807,2712866.126422,0.879487179487179,0.00732600732600733,0.000732600732600733,0.000366300366300366,0.0021978021978022,0.10989010989011
288273.411807,2712366.126422,0.958562522918959,0.00898423175650898,0,0,0,0.0324532453245325
288773.411807,2712366.126422,0.956410256410256,0.01996336996337,0,0,0.000732600732600733,0.0228937728937729
289273.411807,2712366.126422,0.928388278388278,0.00384615384615385,0,0,0,0.0677655677655678
289773.411807,2712366.126422,0.853502016868353,0.00696736340300697,0.000183351668500183,0.015951595159516,0.015951595159516,0.107444077741107
290273.411807,2712366.126422,0.844871794871795,0.0287545787545788,0,0.000915750915750916,0.00494505494505494,0.120512820512821
290773.411807,2712366.126422,0.863369963369963,0.00347985347985348,0,0.00311355311355311,0.00604395604395604,0.123992673992674
291273.411807,2712366.126422,0.806747341400807,0.0320865419875321,0.0011001100110011,0.00366703337000367,0.00696736340300697,0.149431609827649
291773.411807,2712366.126422,0.899267399267399,0.0221611721611722,0,0,0,0.0785714285714286
292273.411807,2712366.126422,0.967582417582418,0.0010989010989011,0,0.000183150183150183,0,0.0311355311355311
292773.411807,2712366.126422,0.780711404473781,0.00311697836450312,0,0.000733406674000733,0.00165016501650165,0.213788045471214
293273.411807,2712366.126422,0.76043956043956,0.0102564102564103,0,0.000183150183150183,0,0.229120879120879
293773.411807,2712366.126422,0.558608058608059,0.0481684981684982,0,0.00293040293040293,0.00347985347985348,0.386813186813187
294273.411807,2712366.126422,0,0.363769710304364,0.0863586358635864,0.253025302530253,0.013017968463513,0.283828382838284
294773.411807,2712366.126422,0.086996336996337,0.216849816849817,0.013003663003663,0.355128205128205,0.0206959706959707,0.307326007326007
295273.411807,2712366.126422,0.957875457875458,0.00805860805860806,0.0010989010989011,0.00238095238095238,0.00274725274725275,0.0278388278388278
295773.411807,2712366.126422,0.735240190685735,0.0396039603960396,0.000916758342500917,0.000916758342500917,0.00696736340300697,0.216354968830216
296273.411807,2712366.126422,0.852197802197802,0.00714285714285714,0,0.00824175824175824,0.0104395604395604,0.121978021978022
296773.411807,2712366.126422,0.945238095238095,0.000549450549450549,0,0.00384615384615385,0.00402930402930403,0.0463369963369963
297273.411807,2712366.126422,0.939310597726439,0.00476714338100477,0,0.0022002200220022,0.00513384671800513,0.0485881921525486
297773.411807,2712366.126422,0.893956043956044,0.0201465201465201,0.000549450549450549,0.000549450549450549,0.00201465201465201,0.0827838827838828
298273.411807,2712366.126422,0.986263736263736,0,0,0,0,0.0137362637362637
298773.411807,2712366.126422,0.946644664466447,0,0,0.000916758342500917,0.000733406674000733,0.0517051705170517
299273.411807,2712366.126422,0.808058608058608,0.0250915750915751,0,0.00677655677655678,0.0142857142857143,0.145787545787546
299773.411807,2712366.126422,0.973626373626374,0.0043956043956044,0,0,0.000366300366300366,0.0216117216117216
300273.411807,2712366.126422,0.888705537220389,0.0126512651265127,0,0.00128346167950128,0.00256692335900257,0.0947928126145948
288273.411807,2711866.126422,0.953820780648708,0.00274876305662452,0,0,0.00201575957485798,0.0414146967198094
288773.411807,2711866.126422,0.933932831712241,0.0139475133051936,0.009543035419343,0.000734079647641769,0.0082583960359699,0.0335841438796109
289273.411807,2711866.126422,0.9602053915276,0.00165046763249587,0,0,0,0.0381441408399046
289773.411807,2711866.126422,0.799890049477735,0.0218068535825545,0.0201575957485798,0.0155763239875389,0.0164925783397471,0.126076598863845
290273.411807,2711866.126422,0.92530739585245,0.00311983850247752,0,0,0,0.0715727656450725
290773.411807,2711866.126422,0.891802677425271,0.0223730056849441,0,0.000183385292499542,0.000183385292499542,0.0854575463047864
291273.411807,2711866.126422,0.89463074949606,0.015026571376214,0,0,0,0.0903426791277259
291773.411807,2711866.126422,0.906404844925674,0.0442282987704166,0,0,0,0.049366856303909
292273.411807,2711866.126422,0.941133321107647,0.0141206675224647,0,0,0,0.0447460113698881
292773.411807,2711866.126422,0.939710463624702,0.00769653655854865,0,0,0,0.0525929998167491
293273.411807,2711866.126422,0.888786933382272,0.000550559735731327,0,0,0,0.110662506881997
293773.411807,2711866.126422,0.587749862461031,0.311571611956721,0.000916926462497708,0.00201723821749496,0.00183385292499542,0.0959105079772602
294273.411807,2711866.126422,0.214586769287154,0.180135605644127,0.104086494410848,0.245922668132674,0.0155763239875389,0.239692138537658
294773.411807,2711866.126422,0.848963112497706,0.0495503762158194,0.00311983850247752,0.0100935951550743,0.0148651128647458,0.0734079647641769
295273.411807,2711866.126422,0.858243168897854,0.0845406198422887,0,0,0,0.057216211259857
295773.411807,2711866.126422,0.87887117463808,0.0654205607476635,0.000183250870441635,0.000183250870441635,0.000366501740883269,0.0549752611324904
296273.411807,2711866.126422,0.772985868966783,0.0798311616810424,0.00513855753349238,0.0100935951550743,0.0242246283721784,0.10772618829143
296773.411807,2711866.126422,0.714469099578214,0.0909591050797726,0.0773885934348065,0.0205391527599487,0.0634513112048414,0.033192737942417
297273.411807,2711866.126422,0.911673080447132,0.00604727872457394,0.00403151914971596,0.0153930731170973,0.0461792193512919,0.0166758292101887
297773.411807,2711866.126422,0.970086254358598,0.00642319691686548,0,0,0,0.0234905487245366
298273.411807,2711866.126422,0.861727489455346,0.0306253438474234,0,0,0,0.107647166697231
298773.411807,2711866.126422,0.643027304379696,0.0203408466190214,0.00164925783397471,0.0335349092908191,0.0174088326919553,0.284038849184534
299273.411807,2711866.126422,0.843090475316572,0.0581758120756102,0.00495503762158194,0.00697375665259681,0.00660671682877592,0.0801982015048633
299773.411807,2711866.126422,0.98789657069503,0.00165046763249587,0,0.000183385292499542,0.00128369704749679,0.00898587933247754
300273.411807,2711866.126422,0.914421843503757,0.0168590800806304,0,0,0.000916254352208173,0.0678028220634048
288273.411807,2711366.126422,0.917399267399267,0.000549450549450549,0,0,0,0.0820512820512821
288773.411807,2711366.126422,0.959816513761468,0,0,0,0,0.0401834862385321
289273.411807,2711366.126422,0.935424692716933,0,0,0,0,0.0645753072830673
289773.411807,2711366.126422,0.943040293040293,0,0,0,0,0.056959706959707
290273.411807,2711366.126422,0.941100917431193,0.00055045871559633,0,0,0.00018348623853211,0.0581651376146789
290773.411807,2711366.126422,0.911208952485782,0.00697119794533113,0,0,0,0.0818198495688864
291273.411807,2711366.126422,0.938278388278388,0.000366300366300366,0,0,0,0.0613553113553114
291773.411807,2711366.126422,0.950825688073395,0,0,0,0,0.0491743119266055
292273.411807,2711366.126422,0.959273527793066,0.00091726288754357,0,0,0,0.0398092093193909
292773.411807,2711366.126422,0.946336996336996,0,0,0,0,0.0536630036630037
293273.411807,2711366.126422,0.92348623853211,0.00036697247706422,0,0,0,0.0761467889908257
293773.411807,2711366.126422,0.300311869381765,0.188956154833975,0.063474591818015,0.0731975784259769,0.0568702990277013,0.317189506512566
294273.411807,2711366.126422,0.414285714285714,0.194688644688645,0.00567765567765568,0.0794871794871795,0.0928571428571429,0.213003663003663
294773.411807,2711366.126422,0.703853211009174,0.0631192660550459,0.00990825688073394,0.00770642201834862,0.0100917431192661,0.205321100917431
295273.411807,2711366.126422,0.607228031553843,0.0299027701339204,0,0,0,0.362869198312236
295773.411807,2711366.126422,0.842857142857143,0.0120879120879121,0,0,0.000183150183150183,0.144871794871795
296273.411807,2711366.126422,0.901284403669725,0.0926605504587156,0,0,0,0.00605504587155963
296773.411807,2711366.126422,0.655109154283618,0.148963492937076,0.0293524124013942,0.0199963309484498,0.0577875619152449,0.0887910475142176
297273.411807,2711366.126422,0.905128205128205,0.0225274725274725,0.000549450549450549,0.00201465201465201,0.00494505494505494,0.0648351648351648
297773.411807,2711366.126422,0.915045871559633,0.0240366972477064,0,0,0,0.0609174311926605
298273.411807,2711366.126422,0.917996697853605,0.0188956154833975,0,0,0,0.0631076866629976
298773.411807,2711366.126422,0.82948717948718,0.0294871794871795,0.0115384615384615,0.0175824175824176,0.0126373626373626,0.0992673992673993
299273.411807,2711366.126422,0.85743119266055,0.0499082568807339,0,0.00036697247706422,0.00018348623853211,0.0921100917431193
299773.411807,2711366.126422,0.98569069895432,0.00238488350761328,0,0,0,0.0119244175380664
300273.411807,2711366.126422,0.917765567765568,0.0675824175824176,0.000366300366300366,0,0,0.0142857142857143
288273.411807,2710866.126422,0.923909057572424,0.000366703337000367,0,0,0,0.0757242390905757
288773.411807,2710866.126422,0.866300366300366,0.0021978021978022,0,0.00164835164835165,0.00183150183150183,0.128021978021978
289273.411807,2710866.126422,0.86007326007326,0.00897435897435897,0,0.0137362637362637,0.00750915750915751,0.10970695970696
289773.411807,2710866.126422,0.983865053171984,0,0,0,0,0.0161349468280161
290273.411807,2710866.126422,0.897619047619048,0,0,0,0,0.102380952380952
290773.411807,2710866.126422,0.984065934065934,0,0,0,0,0.0159340659340659
291273.411807,2710866.126422,0.960946094609461,0.000183351668500183,0,0,0,0.0388705537220389
291773.411807,2710866.126422,0.953663003663004,0.0010989010989011,0,0,0,0.0452380952380952
292273.411807,2710866.126422,0.93992673992674,0.00970695970695971,0,0,0,0.0503663003663004
292773.411807,2710866.126422,0.874220755408874,0.0022002200220022,0,0.00238357169050238,0.00238357169050238,0.118811881188119
293273.411807,2710866.126422,0.944139194139194,0,0,0,0,0.0558608058608059
293773.411807,2710866.126422,0.0695970695970696,0.128571428571429,0.0578754578754579,0.175274725274725,0.11007326007326,0.458608058608059
294273.411807,2710866.126422,0.688485515218188,0.140814081408141,0.00733406674000733,0.0319031903190319,0.0311697836450312,0.1002933626696
294773.411807,2710866.126422,0.873992673992674,0.0126373626373626,0,0,0,0.113369963369963
295273.411807,2710866.126422,0.673260073260073,0.0793040293040293,0.00531135531135531,0.00238095238095238,0.0102564102564103,0.229487179487179
295773.411807,2710866.126422,0.902823615694903,0.0298863219655299,0,0,0,0.0672900623395673
296273.411807,2710866.126422,0.955128205128205,0.00732600732600733,0,0,0,0.0375457875457875
296773.411807,2710866.126422,0.786080586080586,0.157875457875458,0.000732600732600733,0.000549450549450549,0.000366300366300366,0.0543956043956044
297273.411807,2710866.126422,0.82031536486982,0.0608727539420609,0.00201686835350202,0.000733406674000733,0.0022002200220022,0.113861386138614
297773.411807,2710866.126422,0.976373626373626,0.00476190476190476,0,0,0.000183150183150183,0.0186813186813187
298273.411807,2710866.126422,0.987545787545788,0.00274725274725275,0,0,0,0.00970695970695971
298773.411807,2710866.126422,0.921708837550422,0.0198019801980198,0,0,0,0.0584891822515585
299273.411807,2710866.126422,0.873626373626374,0.00787545787545788,0,0,0.00164835164835165,0.116849816849817
299773.411807,2710866.126422,0.978937728937729,0.00201465201465201,0,0.000366300366300366,0,0.0186813186813187
300273.411807,2710866.126422,0.943344334433443,0.0335533553355336,0,0,0,0.0231023102310231
